Feature,Coefficient
"Condition (AI=0, KW=1)",0.3024222222222223
Query type,-0.09469691358024689
Task ID,-0.0861135802469135
